,transect,year,site,treat,plot,Source,plotID,subplotID,nseed,nEm,nEmzt,nFlwr,nR,seedperplot,seedperseed,avLn1new,avJnew,MidOTC
1,NK,2011,L,TR,1,L,NK.L.1,L.1.L,25,2,2,1,0,0,0,5,178,N
2,NK,2011,L,TR,1,M,NK.L.1,L.1.M,25,1,1,1,1,230.5142857,9,7,178,N
3,NK,2011,L,TR,1,H,NK.L.1,L.1.H,25,10,10,8,0,0,0,6.1,178,N
4,NK,2011,L,TR,2,L,NK.L.2,L.2.L,25,8,8,1,1,51,2,6.5,184.125,N
5,NK,2011,L,TR,2,M,NK.L.2,L.2.M,25,4,4,3,3,182.75,7,5.75,178,N
6,NK,2011,L,TR,2,H,NK.L.2,L.2.H,25,5,5,5,5,290.5,12,5,178,N
7,NK,2011,L,TR,3,L,NK.L.3,L.3.L,25,8,8,5,4,155,6,5.25,183,N
8,NK,2011,L,TR,3,M,NK.L.3,L.3.M,25,10,10,9,4,102.3333333,4,6.7,180,N
9,NK,2011,L,TR,3,H,NK.L.3,L.3.H,25,11,11,11,11,371,15,6,179.8181818,N
10,NK,2011,L,TR,4,L,NK.L.4,L.4.L,25,9,9,6,1,56,2,5.666666667,179,N
11,NK,2011,L,TR,4,M,NK.L.4,L.4.M,25,5,5,5,5,168.3333333,7,5,178,N
12,NK,2011,L,TR,4,H,NK.L.4,L.4.H,25,11,11,6,4,169,7,4.545454545,180.5454545,N
13,NK,2011,L,TR,5,L,NK.L.5,L.5.L,25,7,7,3,1,36.25,1,3.714285714,179,N
14,NK,2011,L,TR,5,M,NK.L.5,L.5.M,25,11,11,8,7,302.7,12,5.727272727,181.0909091,N
15,NK,2011,L,TR,5,H,NK.L.5,L.5.H,25,12,12,11,7,204,8,5,179,N
16,NK,2011,L,TR,6,L,NK.L.6,L.6.L,25,12,12,9,4,54,2,6.416666667,179.75,N
17,NK,2011,L,TR,6,M,NK.L.6,L.6.M,25,9,9,9,6,100.3333333,4,6.555555556,180,N
18,NK,2011,L,TR,6,H,NK.L.6,L.6.H,25,10,10,6,2,115,5,5.1,179,N
19,NK,2011,L,TR,7,L,NK.L.7,L.7.L,25,2,2,1,1,55,2,7,183.5,N
20,NK,2011,L,TR,7,M,NK.L.7,L.7.M,25,11,11,8,7,446,18,5.272727273,179.8181818,N
21,NK,2011,L,TR,7,H,NK.L.7,L.7.H,25,2,2,1,1,85,3,5,179,N
22,NK,2011,L,TR,8,L,NK.L.8,L.8.L,25,1,1,1,1,121.5,5,8,179,N
23,NK,2011,L,TR,8,M,NK.L.8,L.8.M,25,2,2,2,2,247.4166667,10,8.5,179,N
24,NK,2011,L,TR,8,H,NK.L.8,L.8.H,25,1,1,1,1,59,2,8,179,N
25,NK,2011,L,TR,9,L,NK.L.9,L.9.L,25,14,14,9,5,144.2222222,6,5.214285714,179,N
26,NK,2011,L,TR,9,M,NK.L.9,L.9.M,25,12,12,9,5,260.6666667,10,6.833333333,179.75,N
27,NK,2011,L,TR,9,H,NK.L.9,L.9.H,25,7,7,4,2,78.25,3,5.285714286,179,N
28,NK,2011,L,TR,10,L,NK.L.10,L.10.L,25,2,2,2,0,0,0,5.5,179,N
29,NK,2011,L,TR,10,M,NK.L.10,L.10.M,25,2,2,2,2,75.2,3,7,179,N
30,NK,2011,L,TR,10,H,NK.L.10,L.10.H,25,0,0,NA,NA,0,0,NA,NA,N
31,NK,2011,M,TR,1,L,NK.M.1,M.1.L,25,22,20,16,10,161.5,6,1.409090909,182,N
32,NK,2011,M,TR,1,M,NK.M.1,M.1.M,25,6,6,6,5,136.5,5,2.5,185.3333333,N
33,NK,2011,M,TR,1,H,NK.M.1,M.1.H,25,11,11,10,5,164.8333333,7,1.909090909,182,N
34,NK,2011,M,TR,2,L,NK.M.2,M.2.L,25,20,19,12,8,173.8333333,7,1.95,182.85,N
35,NK,2011,M,TR,2,M,NK.M.2,M.2.M,25,15,14,11,11,315.6666667,13,2.533333333,184.2666667,N
36,NK,2011,M,TR,2,H,NK.M.2,M.2.H,25,13,12,8,5,207.5,8,2.384615385,182,N
37,NK,2011,M,TR,3,L,NK.M.3,M.3.L,25,21,20,15,8,221.5,9,1.904761905,182,N
38,NK,2011,M,TR,3,M,NK.M.3,M.3.M,25,17,16,12,9,449.9,18,1.647058824,183,N
39,NK,2011,M,TR,3,H,NK.M.3,M.3.H,25,16,16,12,11,538.6,22,1.6875,182,N
40,NK,2011,M,TR,4,L,NK.M.4,M.4.L,25,18,15,14,7,308.8333333,12,1.222222222,183.8888889,N
41,NK,2011,M,TR,4,M,NK.M.4,M.4.M,25,12,12,9,5,164.5,7,1.833333333,185.0833333,N
42,NK,2011,M,TR,4,H,NK.M.4,M.4.H,25,13,13,11,10,408.75,16,1.384615385,184.6153846,N
43,NK,2011,M,TR,5,L,NK.M.5,M.5.L,25,18,18,16,7,79.72,3,1.333333333,183.1111111,N
44,NK,2011,M,TR,5,M,NK.M.5,M.5.M,25,6,5,4,1,24,1,1,182,N
45,NK,2011,M,TR,5,H,NK.M.5,M.5.H,25,9,8,6,2,41,2,1,183.8888889,N
46,NK,2011,M,TR,6,L,NK.M.6,M.6.L,25,14,14,7,5,92,4,1.214285714,183.2142857,N
47,NK,2011,M,TR,6,M,NK.M.6,M.6.M,25,2,2,1,0,0,0,2.5,190.5,N
48,NK,2011,M,TR,6,H,NK.M.6,M.6.H,25,4,4,4,2,21,1,3,192.25,N
49,NK,2011,M,TR,7,L,NK.M.7,M.7.L,25,16,13,4,2,36,1,1.8125,184.125,N
50,NK,2011,M,TR,7,M,NK.M.7,M.7.M,25,11,11,8,3,51,2,2.363636364,183.5454545,N
51,NK,2011,M,TR,7,H,NK.M.7,M.7.H,25,18,16,13,13,436.85,17,1.944444444,184.8333333,N
52,NK,2011,M,TR,8,L,NK.M.8,M.8.L,25,19,17,8,7,64,3,1.736842105,182,N
53,NK,2011,M,TR,8,M,NK.M.8,M.8.M,25,14,13,10,5,134,5,2.428571429,183.2142857,N
54,NK,2011,M,TR,8,H,NK.M.8,M.8.H,25,9,5,1,1,25,1,1.666666667,183.8888889,N
55,NK,2011,M,TR,9,L,NK.M.9,M.9.L,25,20,20,3,0,0,0,1.55,182,N
56,NK,2011,M,TR,9,M,NK.M.9,M.9.M,25,16,3,0,0,0,0,1.9375,182,N
57,NK,2011,M,TR,9,H,NK.M.9,M.9.H,25,9,9,0,0,0,0,1.888888889,182,N
58,NK,2011,M,TR,10,L,NK.M.10,M.10.L,25,13,13,0,0,0,0,0.923076923,182,N
59,NK,2011,M,TR,10,M,NK.M.10,M.10.M,25,8,8,4,1,70,3,2.125,184.5,N
60,NK,2011,M,TR,10,H,NK.M.10,M.10.H,25,7,7,5,5,352,14,1.428571429,182,N
61,NK,2011,HE,TR,1,L,NK.HE.1,HE.1.L,25,19,19,11,6,134.3333333,5,1.210526316,187.4210526,N
62,NK,2011,HE,TR,1,M,NK.HE.1,HE.1.M,25,9,9,1,0,0,0,0.555555556,185.6666667,N
63,NK,2011,HE,TR,1,H,NK.HE.1,HE.1.H,25,14,14,6,4,67,3,0.928571429,188.1428571,N
64,NK,2011,HE,TR,1,E,NK.HE.1,HE.1.E,25,10,10,8,6,223.0833333,9,1.2,187.6,N
65,NK,2011,HE,TR,1,MT,NK.HE.1,HE.1.MT,25,10,10,5,5,145,6,1.6,192.2,N
66,NK,2011,HE,TR,1,F,NK.HE.1,HE.1.F,25,14,14,8,8,475.2666667,19,1.071428571,185.4285714,N
67,NK,2011,HE,TR,2,L,NK.HE.2,HE.2.L,25,12,12,5,1,61.66666667,2,1.333333333,187,N
68,NK,2011,HE,TR,2,M,NK.HE.2,HE.2.M,25,7,7,4,3,84.5,3,1.428571429,186.7142857,N
69,NK,2011,HE,TR,2,H,NK.HE.2,HE.2.H,25,17,17,9,9,181,7,1.352941176,188.1176471,N
70,NK,2011,HE,TR,2,E,NK.HE.2,HE.2.E,25,3,3,2,2,101,4,1.333333333,187,N
71,NK,2011,HE,TR,2,MT,NK.HE.2,HE.2.MT,25,6,6,6,6,322,13,2,191.3333333,N
72,NK,2011,HE,TR,2,F,NK.HE.2,HE.2.F,25,19,19,9,7,219.6666667,9,1.105263158,186.3684211,N
73,NK,2011,HE,TR,3,L,NK.HE.3,HE.3.L,25,14,14,7,7,251.85,10,2.285714286,187.8571429,N
74,NK,2011,HE,TR,3,M,NK.HE.3,HE.3.M,25,14,14,9,6,117.3333333,5,1.428571429,185,N
75,NK,2011,HE,TR,3,H,NK.HE.3,HE.3.H,25,9,9,4,3,85.66666667,3,1,185,N
76,NK,2011,HE,TR,3,E,NK.HE.3,HE.3.E,25,13,13,6,4,122,5,1.307692308,187.4615385,N
77,NK,2011,HE,TR,3,MT,NK.HE.3,HE.3.MT,25,11,11,4,3,46,2,1.181818182,186.6363636,N
78,NK,2011,HE,TR,3,F,NK.HE.3,HE.3.F,25,8,8,3,3,92.5,4,1,185.75,N
79,NK,2011,HE,TR,4,L,NK.HE.4,HE.4.L,25,18,18,11,8,130,5,0.944444444,185,N
80,NK,2011,HE,TR,4,M,NK.HE.4,HE.4.M,25,14,14,3,2,55.66666667,2,1,185,N
81,NK,2011,HE,TR,4,H,NK.HE.4,HE.4.H,25,16,16,11,5,60,2,1.9375,193.625,N
82,NK,2011,HE,TR,4,E,NK.HE.4,HE.4.E,25,1,1,0,0,0,0,1,185,N
83,NK,2011,HE,TR,4,MT,NK.HE.4,HE.4.MT,25,11,11,7,6,99,4,1,185.5454545,N
84,NK,2011,HE,TR,4,F,NK.HE.4,HE.4.F,25,7,7,5,5,182.8333333,7,1.142857143,185,N
85,NK,2011,HE,TR,5,L,NK.HE.5,HE.5.L,25,12,12,8,8,195.8333333,8,1.75,186.5,N
86,NK,2011,HE,TR,5,M,NK.HE.5,HE.5.M,25,9,9,6,6,252.8333333,10,2.111111111,185,N
87,NK,2011,HE,TR,5,H,NK.HE.5,HE.5.H,25,13,13,7,6,220.25,9,2.153846154,191.1538462,N
88,NK,2011,HE,TR,5,E,NK.HE.5,HE.5.E,25,0,0,NA,NA,0,0,NA,NA,N
89,NK,2011,HE,TR,5,MT,NK.HE.5,HE.5.MT,25,17,17,11,11,370,15,1.823529412,185.7058824,N
90,NK,2011,HE,TR,5,F,NK.HE.5,HE.5.F,25,6,6,3,2,88,4,2.166666667,186,N
91,NK,2011,HE,TR,6,L,NK.HE.6,HE.6.L,25,13,13,6,5,192.1666667,8,2.461538462,185.4615385,N
92,NK,2011,HE,TR,6,M,NK.HE.6,HE.6.M,25,12,12,8,8,417.5833333,17,2.333333333,186.6666667,N
93,NK,2011,HE,TR,6,H,NK.HE.6,HE.6.H,25,12,12,7,6,95.5,4,1.833333333,185.5,N
94,NK,2011,HE,TR,6,E,NK.HE.6,HE.6.E,25,15,15,7,5,74,3,2,185.8,N
95,NK,2011,HE,TR,6,MT,NK.HE.6,HE.6.MT,25,15,15,11,11,531.36,21,2.266666667,186.2,N
96,NK,2011,HE,TR,6,F,NK.HE.6,HE.6.F,25,2,2,1,0,0,0,0.5,185,N
97,NK,2011,HE,TR,7,L,NK.HE.7,HE.7.L,25,4,4,1,1,31,1,2,195,N
98,NK,2011,HE,TR,7,M,NK.HE.7,HE.7.M,25,5,5,2,2,54,2,1.2,187.4,N
99,NK,2011,HE,TR,7,H,NK.HE.7,HE.7.H,25,3,3,1,1,22,1,1.666666667,193.6666667,N
100,NK,2011,HE,TR,7,E,NK.HE.7,HE.7.E,25,8,8,7,6,225,9,1.125,186.5,N
101,NK,2011,HE,TR,7,MT,NK.HE.7,HE.7.MT,25,15,15,4,3,57,2,2.4,194.3333333,N
102,NK,2011,HE,TR,7,F,NK.HE.7,HE.7.F,25,10,10,9,8,306.8333333,12,8.9,219,N
103,NK,2011,HE,TR,8,L,NK.HE.8,HE.8.L,25,20,20,7,5,64,3,1.45,188.25,N
104,NK,2011,HE,TR,8,M,NK.HE.8,HE.8.M,25,5,5,1,0,0,0,0.8,185,N
105,NK,2011,HE,TR,8,H,NK.HE.8,HE.8.H,25,9,9,4,0,0,0,1.666666667,188.5555556,N
106,NK,2011,HE,TR,8,E,NK.HE.8,HE.8.E,25,13,13,10,10,389.9333333,16,2.538461538,188.3076923,N
107,NK,2011,HE,TR,8,MT,NK.HE.8,HE.8.MT,25,9,9,6,6,184.25,7,2,189.4444444,N
108,NK,2011,HE,TR,8,F,NK.HE.8,HE.8.F,25,12,12,10,7,250.6666667,10,1.833333333,192.8333333,N
109,NK,2011,HE,TR,9,L,NK.HE.9,HE.9.L,25,18,18,6,6,137,5,1.833333333,185.3333333,N
110,NK,2011,HE,TR,9,M,NK.HE.9,HE.9.M,25,14,14,9,4,38.66666667,2,2.214285714,187.1428571,N
111,NK,2011,HE,TR,9,H,NK.HE.9,HE.9.H,25,16,16,10,8,251.5,10,3.25,195.625,N
112,NK,2011,HE,TR,9,E,NK.HE.9,HE.9.E,25,9,9,5,5,287.65,12,2.555555556,189.1111111,N
113,NK,2011,HE,TR,9,MT,NK.HE.9,HE.9.MT,25,14,14,5,1,62,2,2.230769231,185.8571429,N
114,NK,2011,HE,TR,9,F,NK.HE.9,HE.9.F,25,18,18,16,15,503,20,2.352941176,188.7777778,N
115,NK,2011,HE,TR,10,L,NK.HE.10,HE.10.L,25,15,15,2,2,54,2,1,191.8,N
116,NK,2011,HE,TR,10,M,NK.HE.10,HE.10.M,25,7,7,1,1,51,2,1.142857143,185,N
117,NK,2011,HE,TR,10,H,NK.HE.10,HE.10.H,25,12,12,7,1,20,1,1.5,187.1666667,N
118,NK,2011,HE,TR,10,E,NK.HE.10,HE.10.E,25,9,9,4,4,157,6,1.111111111,186.3333333,N
119,NK,2011,HE,TR,10,MT,NK.HE.10,HE.10.MT,25,13,13,7,3,96,4,1.307692308,185,N
120,NK,2011,HE,TR,10,F,NK.HE.10,HE.10.F,25,9,9,3,3,116.25,5,2,189.7777778,N
121,NK,2011,A1,TR,1,L,NK.A1.1,A1.1.L,25,7,7,4,0,0,0,2,206.7142857,N
122,NK,2011,A1,TR,1,M,NK.A1.1,A1.1.M,25,1,1,1,0,0,0,1,199,N
123,NK,2011,A1,TR,1,H,NK.A1.1,A1.1.H,25,3,3,2,0,0,0,2.666666667,213.6666667,N
124,NK,2011,A1,TR,1,MT,NK.A1.1,A1.1.MT,25,4,3,1,0,0,0,1,199,N
125,NK,2011,A1,TR,1,F,NK.A1.1,A1.1.F,25,4,3,1,0,0,0,1.75,208.75,N
126,NK,2011,A1,TR,2,L,NK.A1.2,A1.2.L,25,4,3,0,0,0,0,1,199,N
127,NK,2011,A1,TR,2,M,NK.A1.2,A1.2.M,25,5,5,1,0,0,0,3.4,230.2,N
128,NK,2011,A1,TR,2,H,NK.A1.2,A1.2.H,25,6,6,1,0,0,0,2.5,212.8333333,N
129,NK,2011,A1,TR,2,MT,NK.A1.2,A1.2.MT,25,3,3,1,0,0,0,0.666666667,199,N
130,NK,2011,A1,TR,2,F,NK.A1.2,A1.2.F,25,2,2,0,0,0,0,2,214.5,N
131,NK,2011,A1,TR,3,L,NK.A1.3,A1.3.L,25,0,0,NA,NA,0,0,NA,NA,N
132,NK,2011,A1,TR,3,M,NK.A1.3,A1.3.M,25,1,1,0,0,0,0,2,212,N
133,NK,2011,A1,TR,3,H,NK.A1.3,A1.3.H,25,1,1,1,0,0,0,1,199,N
134,NK,2011,A1,TR,3,MT,NK.A1.3,A1.3.MT,25,1,1,0,0,0,0,0,199,N
135,NK,2011,A1,TR,3,F,NK.A1.3,A1.3.F,25,9,9,4,0,0,0,1.222222222,200.4444444,N
136,NK,2011,A1,TR,4,L,NK.A1.4,A1.4.L,25,13,13,1,0,0,0,1,201,N
137,NK,2011,A1,TR,4,M,NK.A1.4,A1.4.M,25,6,6,6,0,0,0,3,218,N
138,NK,2011,A1,TR,4,H,NK.A1.4,A1.4.H,25,1,0,0,0,0,0,0,199,N
139,NK,2011,A1,TR,4,MT,NK.A1.4,A1.4.MT,25,5,5,3,0,0,0,4,225,N
140,NK,2011,A1,TR,4,F,NK.A1.4,A1.4.F,25,6,6,2,0,0,0,1.5,203.3333333,N
141,NK,2011,A1,TR,5,L,NK.A1.5,A1.5.L,25,9,8,0,0,0,0,1.666666667,208.2222222,N
142,NK,2011,A1,TR,5,M,NK.A1.5,A1.5.M,25,0,0,NA,NA,0,0,NA,NA,N
143,NK,2011,A1,TR,5,H,NK.A1.5,A1.5.H,25,0,0,NA,NA,0,0,NA,NA,N
144,NK,2011,A1,TR,5,MT,NK.A1.5,A1.5.MT,25,0,0,NA,NA,0,0,NA,NA,N
145,NK,2011,A1,TR,5,F,NK.A1.5,A1.5.F,25,0,0,NA,NA,0,0,NA,NA,N
146,NK,2011,A1,TR,6,L,NK.A1.6,A1.6.L,25,15,15,0,0,0,0,1.6,209.7333333,N
147,NK,2011,A1,TR,6,M,NK.A1.6,A1.6.M,25,2,2,0,0,0,0,2.5,221,N
148,NK,2011,A1,TR,6,H,NK.A1.6,A1.6.H,25,1,1,0,0,0,0,2,212,N
149,NK,2011,A1,TR,6,MT,NK.A1.6,A1.6.MT,25,5,5,2,0,0,0,2.6,221.6,N
150,NK,2011,A1,TR,6,F,NK.A1.6,A1.6.F,25,7,7,1,0,0,0,2,212,N
151,NK,2011,A1,TR,7,L,NK.A1.7,A1.7.L,25,9,9,0,0,0,0,2.555555556,210.8888889,N
152,NK,2011,A1,TR,7,M,NK.A1.7,A1.7.M,25,4,3,1,0,0,0,2.75,206.75,N
153,NK,2011,A1,TR,7,H,NK.A1.7,A1.7.H,25,5,5,2,0,0,0,3,213.6,N
154,NK,2011,A1,TR,7,MT,NK.A1.7,A1.7.MT,25,5,5,3,0,0,0,3,221.4,N
155,NK,2011,A1,TR,7,F,NK.A1.7,A1.7.F,25,5,5,2,0,0,0,2.6,209.4,N
156,NK,2011,A1,TR,8,L,NK.A1.8,A1.8.L,25,1,1,0,0,0,0,4,230,N
157,NK,2011,A1,TR,8,M,NK.A1.8,A1.8.M,25,1,1,0,0,0,0,2,212,N
158,NK,2011,A1,TR,8,H,NK.A1.8,A1.8.H,25,5,5,0,0,0,0,1.8,219.2,N
159,NK,2011,A1,TR,8,MT,NK.A1.8,A1.8.MT,25,1,0,0,0,0,0,1,199,N
160,NK,2011,A1,TR,8,F,NK.A1.8,A1.8.F,25,7,7,3,0,0,0,2.285714286,209.7142857,N
161,NK,2011,A1,TR,9,L,NK.A1.9,A1.9.L,25,6,5,0,0,0,0,2,211.1666667,N
162,NK,2011,A1,TR,9,M,NK.A1.9,A1.9.M,25,2,1,0,0,0,0,1.5,205.5,N
163,NK,2011,A1,TR,9,H,NK.A1.9,A1.9.H,25,2,1,1,0,0,0,1,199,N
164,NK,2011,A1,TR,9,MT,NK.A1.9,A1.9.MT,25,18,18,7,0,0,0,1.888888889,206.5,N
165,NK,2011,A1,TR,9,F,NK.A1.9,A1.9.F,25,8,8,3,0,0,0,2.5,213.875,N
166,NK,2011,A1,TR,10,L,NK.A1.10,A1.10.L,25,1,1,0,0,0,0,1,199,N
167,NK,2011,A1,TR,10,M,NK.A1.10,A1.10.M,25,7,7,2,0,0,0,1.142857143,200.8571429,N
168,NK,2011,A1,TR,10,H,NK.A1.10,A1.10.H,25,3,3,0,0,0,0,2.333333333,213.6666667,N
169,NK,2011,A1,TR,10,MT,NK.A1.10,A1.10.MT,25,2,2,1,0,0,0,3,230,N
170,NK,2011,A1,TR,10,F,NK.A1.10,A1.10.F,25,8,7,1,0,0,0,1.25,202.25,N
171,NK,2011,A2,TR,1,L,NK.A2.1,A2.1.L,25,1,1,1,0,0,0,2,199,N
172,NK,2011,A2,TR,1,M,NK.A2.1,A2.1.M,25,0,0,NA,NA,0,0,NA,NA,N
173,NK,2011,A2,TR,1,H,NK.A2.1,A2.1.H,25,2,2,0,0,0,0,0.5,191.5,N
174,NK,2011,A2,TR,1,MT,NK.A2.1,A2.1.MT,25,5,5,0,0,0,0,1.8,206.4,N
175,NK,2011,A2,TR,1,F,NK.A2.1,A2.1.F,25,7,6,0,0,0,0,1.857142857,197,N
176,NK,2011,A2,TR,2,L,NK.A2.2,A2.2.L,25,4,3,0,0,0,0,0.5,202.25,N
177,NK,2011,A2,TR,2,M,NK.A2.2,A2.2.M,25,2,2,0,0,0,0,1,212,N
178,NK,2011,A2,TR,2,H,NK.A2.2,A2.2.H,25,2,2,0,0,0,0,0,199,N
179,NK,2011,A2,TR,2,MT,NK.A2.2,A2.2.MT,25,1,1,0,0,0,0,0,212,N
180,NK,2011,A2,TR,2,F,NK.A2.2,A2.2.F,25,4,4,0,0,0,0,2.25,213,N
181,NK,2011,A2,TR,3,L,NK.A2.3,A2.3.L,25,5,4,0,0,0,0,1.4,204.2,N
182,NK,2011,A2,TR,3,M,NK.A2.3,A2.3.M,25,4,4,3,0,0,0,2,206.75,N
183,NK,2011,A2,TR,3,H,NK.A2.3,A2.3.H,25,7,7,2,0,0,0,1.285714286,207.1428571,N
184,NK,2011,A2,TR,3,MT,NK.A2.3,A2.3.MT,25,9,9,1,0,0,0,2.111111111,209.3333333,N
185,NK,2011,A2,TR,3,F,NK.A2.3,A2.3.F,25,2,2,0,0,0,0,3.5,230,N
186,NK,2011,A2,TR,4,L,NK.A2.4,A2.4.L,25,10,10,0,0,0,0,1.1,200.3,N
187,NK,2011,A2,TR,4,M,NK.A2.4,A2.4.M,25,10,10,1,0,0,0,1,202.9,N
188,NK,2011,A2,TR,4,H,NK.A2.4,A2.4.H,25,14,14,2,0,0,0,1.714285714,204.9285714,N
189,NK,2011,A2,TR,4,MT,NK.A2.4,A2.4.MT,25,3,3,0,0,0,0,1.666666667,221.6666667,N
190,NK,2011,A2,TR,4,F,NK.A2.4,A2.4.F,25,9,9,0,0,0,0,0.888888889,200.4444444,N
191,NK,2011,A2,TR,5,L,NK.A2.5,A2.5.L,25,3,3,0,0,0,0,0.666666667,199,N
192,NK,2011,A2,TR,5,M,NK.A2.5,A2.5.M,25,3,3,0,0,0,0,0.666666667,194,N
193,NK,2011,A2,TR,5,H,NK.A2.5,A2.5.H,25,6,6,0,0,0,0,1.5,205.5,N
194,NK,2011,A2,TR,5,MT,NK.A2.5,A2.5.MT,25,1,1,0,0,0,0,3,230,N
195,NK,2011,A2,TR,5,F,NK.A2.5,A2.5.F,25,1,1,0,0,0,0,1,199,N
196,NK,2011,A2,TR,6,L,NK.A2.6,A2.6.L,25,12,9,0,0,0,0,0.916666667,201.1666667,N
197,NK,2011,A2,TR,6,M,NK.A2.6,A2.6.M,25,5,5,2,0,0,0,2.4,207.4,N
198,NK,2011,A2,TR,6,H,NK.A2.6,A2.6.H,25,3,2,1,0,0,0,0.666666667,199,N
199,NK,2011,A2,TR,6,MT,NK.A2.6,A2.6.MT,25,3,2,0,0,0,0,1.333333333,203.3333333,N
200,NK,2011,A2,TR,6,F,NK.A2.6,A2.6.F,25,2,2,0,0,0,0,1,191.5,N
201,NK,2011,A2,TR,7,L,NK.A2.7,A2.7.L,25,9,9,0,0,0,0,1.333333333,207.6666667,N
202,NK,2011,A2,TR,7,M,NK.A2.7,A2.7.M,25,1,1,0,0,0,0,1,199,N
203,NK,2011,A2,TR,7,H,NK.A2.7,A2.7.H,25,6,5,0,0,0,0,0.333333333,201.1666667,N
204,NK,2011,A2,TR,7,MT,NK.A2.7,A2.7.MT,25,0,0,NA,NA,0,0,NA,NA,N
205,NK,2011,A2,TR,7,F,NK.A2.7,A2.7.F,25,6,5,0,0,0,0,1,201.1666667,N
206,NK,2011,A2,TR,8,L,NK.A2.8,A2.8.L,25,3,3,0,0,0,0,1.666666667,218,N
207,NK,2011,A2,TR,8,M,NK.A2.8,A2.8.M,25,4,4,0,0,0,0,0.5,202.25,N
208,NK,2011,A2,TR,8,H,NK.A2.8,A2.8.H,25,5,5,0,0,0,0,1.4,215.6,N
209,NK,2011,A2,TR,8,MT,NK.A2.8,A2.8.MT,25,3,3,1,0,0,0,4,233.6666667,N
210,NK,2011,A2,TR,8,F,NK.A2.8,A2.8.F,25,8,8,0,0,0,0,0.875,200.625,N
211,NK,2011,A2,TR,9,L,NK.A2.9,A2.9.L,25,12,11,0,0,0,0,0.916666667,212.0833333,N
212,NK,2011,A2,TR,9,M,NK.A2.9,A2.9.M,25,0,0,NA,NA,0,0,NA,NA,N
213,NK,2011,A2,TR,9,H,NK.A2.9,A2.9.H,25,4,4,0,0,0,0,0.75,205.5,N
214,NK,2011,A2,TR,9,MT,NK.A2.9,A2.9.MT,25,5,5,0,0,0,0,1.4,215.6,N
215,NK,2011,A2,TR,9,F,NK.A2.9,A2.9.F,25,0,0,NA,NA,0,0,NA,NA,N
216,NK,2011,A2,TR,10,L,NK.A2.10,A2.10.L,25,5,3,0,0,0,0,0.8,204.2,N
217,NK,2011,A2,TR,10,M,NK.A2.10,A2.10.M,25,3,3,0,0,0,0,1.666666667,213.6666667,N
218,NK,2011,A2,TR,10,H,NK.A2.10,A2.10.H,25,5,5,0,0,0,0,1.6,217.6,N
219,NK,2011,A2,TR,10,MT,NK.A2.10,A2.10.MT,25,2,2,0,0,0,0,1,212,N
220,NK,2011,A2,TR,10,F,NK.A2.10,A2.10.F,25,12,12,0,0,0,0,1.5,208.75,N
221,NK,2012,L,TR,11,L,NK.L.11,L.11.L,25,1,1,1,1,83.18181818,3,3,165,N
222,NK,2012,L,TR,11,M,NK.L.11,L.11.M,25,0,0,NA,NA,0,0,NA,NA,N
223,NK,2012,L,TR,11,H,NK.L.11,L.11.H,25,0,0,NA,NA,0,0,NA,NA,N
224,NK,2012,L,TR,12,L,NK.L.12,L.12.L,25,2,2,0,0,0,0,2.5,165,N
225,NK,2012,L,TR,12,M,NK.L.12,L.12.M,25,4,4,2,1,51,2,2.75,165,N
226,NK,2012,L,TR,12,H,NK.L.12,L.12.H,25,7,7,3,3,16.66666667,1,2.285714286,166.1428571,N
227,NK,2012,L,TR,13,L,NK.L.13,L.13.L,25,1,1,0,0,0,0,4,173,N
228,NK,2012,L,TR,13,M,NK.L.13,L.13.M,25,0,0,NA,NA,0,0,NA,NA,N
229,NK,2012,L,TR,13,H,NK.L.13,L.13.H,25,0,0,NA,NA,0,0,NA,NA,N
230,NK,2012,L,TR,14,L,NK.L.14,L.14.L,25,0,0,NA,NA,0,0,NA,NA,N
231,NK,2012,L,TR,14,M,NK.L.14,L.14.M,25,0,0,NA,NA,0,0,NA,NA,N
232,NK,2012,L,TR,14,H,NK.L.14,L.14.H,25,0,0,NA,NA,0,0,NA,NA,N
233,NK,2012,L,TR,15,L,NK.L.15,L.15.L,25,4,4,3,2,25,1,4,165,N
234,NK,2012,L,TR,15,M,NK.L.15,L.15.M,25,0,0,NA,NA,0,0,NA,NA,N
235,NK,2012,L,TR,15,H,NK.L.15,L.15.H,25,2,2,2,2,128.4,5,4.5,165,N
236,NK,2012,L,TR,16,L,NK.L.16,L.16.L,25,6,6,1,1,77.33333333,3,5.333333333,169.5,N
237,NK,2012,L,TR,16,M,NK.L.16,L.16.M,25,0,0,NA,NA,0,0,NA,NA,N
238,NK,2012,L,TR,16,H,NK.L.16,L.16.H,25,0,0,NA,NA,0,0,NA,NA,N
239,NK,2012,L,TR,17,L,NK.L.17,L.17.L,25,0,0,NA,NA,0,0,NA,NA,N
240,NK,2012,L,TR,17,M,NK.L.17,L.17.M,25,0,0,NA,NA,0,0,NA,NA,N
241,NK,2012,L,TR,17,H,NK.L.17,L.17.H,25,0,0,NA,NA,0,0,NA,NA,N
242,NK,2012,L,TR,18,L,NK.L.18,L.18.L,25,0,0,NA,NA,0,0,NA,NA,N
243,NK,2012,L,TR,18,M,NK.L.18,L.18.M,25,0,0,NA,NA,0,0,NA,NA,N
244,NK,2012,L,TR,18,H,NK.L.18,L.18.H,25,0,0,NA,NA,0,0,NA,NA,N
245,NK,2012,L,TR,19,L,NK.L.19,L.19.L,25,0,0,NA,NA,0,0,NA,NA,N
246,NK,2012,L,TR,19,M,NK.L.19,L.19.M,25,0,0,NA,NA,0,0,NA,NA,N
247,NK,2012,L,TR,19,H,NK.L.19,L.19.H,25,0,0,NA,NA,0,0,NA,NA,N
248,NK,2012,L,TR,20,L,NK.L.20,L.20.L,25,2,2,1,0,0,0,2,169.5,N
249,NK,2012,L,TR,20,M,NK.L.20,L.20.M,25,0,0,NA,NA,0,0,NA,NA,N
250,NK,2012,L,TR,20,H,NK.L.20,L.20.H,25,0,0,NA,NA,0,0,NA,NA,N
251,NK,2012,M,TR,11,L,NK.M.11,M.11.L,25,16,16,1,0,0,0,1.1875,171.25,N
252,NK,2012,M,TR,11,M,NK.M.11,M.11.M,25,10,10,2,2,25,1,1.5,169,N
253,NK,2012,M,TR,11,H,NK.M.11,M.11.H,25,9,9,1,1,34.8,1,1.666666667,172.5555556,N
254,NK,2012,M,OTC,12,M,NK.M.12,M.12.M,25,9,9,4,4,51,2,1.666666667,174.5555556,Y
255,NK,2012,M,OTC,12,H,NK.M.12,M.12.H,25,15,15,8,6,82,3,1,169,Y
256,NK,2012,M,TR,13,L,NK.M.13,M.13.L,25,15,15,5,2,113.6,5,1.933333333,173,N
257,NK,2012,M,TR,13,M,NK.M.13,M.13.M,25,11,11,9,9,499.8666667,20,2.818181818,176.0909091,N
258,NK,2012,M,TR,13,H,NK.M.13,M.13.H,25,11,11,9,9,445.3428571,18,2.272727273,173.3636364,N
259,NK,2012,M,OTC,14,M,NK.M.14,M.14.M,25,13,13,3,2,29,1,2.230769231,171.7692308,Y
260,NK,2012,M,OTC,14,H,NK.M.14,M.14.H,25,9,9,2,1,5,0,1.888888889,169,Y
261,NK,2012,M,TR,15,L,NK.M.15,M.15.L,25,14,14,5,3,233.5,9,2.214285714,176.5714286,N
262,NK,2012,M,TR,15,M,NK.M.15,M.15.M,25,11,11,4,2,8,0,1.909090909,171,N
263,NK,2012,M,TR,15,H,NK.M.15,M.15.H,25,12,12,0,0,0,0,1.666666667,171,N
264,NK,2012,M,OTC,16,M,NK.M.16,M.16.M,25,13,13,6,6,81,3,1.461538462,171,Y
265,NK,2012,M,OTC,16,H,NK.M.16,M.16.H,25,5,5,3,2,14,1,2.6,177.4,Y
266,NK,2012,M,TR,17,L,NK.M.17,M.17.L,25,13,13,0,0,0,0,1.538461538,174.5384615,N
267,NK,2012,M,TR,17,M,NK.M.17,M.17.M,25,11,11,0,0,0,0,2.090909091,172.4545455,N
268,NK,2012,M,TR,17,H,NK.M.17,M.17.H,25,11,11,0,0,0,0,1.545454545,171,N
269,NK,2012,M,OTC,18,M,NK.M.18,M.18.M,25,13,13,0,0,0,0,1.153846154,172,Y
270,NK,2012,M,OTC,18,H,NK.M.18,M.18.H,25,11,11,2,0,0,0,1.454545455,172,Y
271,NK,2012,M,TR,19,L,NK.M.19,M.19.L,25,19,19,0,0,0,0,1,171,N
272,NK,2012,M,TR,19,M,NK.M.19,M.19.M,25,4,4,0,0,0,0,1.5,175,N
273,NK,2012,M,TR,19,H,NK.M.19,M.19.H,25,6,6,0,0,0,0,2,179,N
274,NK,2012,M,OTC,20,M,NK.M.20,M.20.M,25,5,5,2,0,0,0,1,171,Y
275,NK,2012,M,OTC,20,H,NK.M.20,M.20.H,25,4,4,3,0,0,0,1,171,Y
276,NK,2012,M,TR,21,L,NK.M.21,M.21.L,25,16,16,1,0,0,0,1,173,N
277,NK,2012,M,TR,21,M,NK.M.21,M.21.M,25,8,8,0,0,0,0,0.875,171,N
278,NK,2012,M,TR,21,H,NK.M.21,M.21.H,25,12,12,5,1,34,1,0.833333333,171,N
279,NK,2012,M,OTC,22,M,NK.M.22,M.22.M,25,4,4,0,0,0,0,2,171,Y
280,NK,2012,M,OTC,22,H,NK.M.22,M.22.H,25,11,11,7,3,141.0666667,6,2.727272727,171,Y
281,NK,2012,M,TR,23,L,NK.M.23,M.23.L,25,12,12,11,9,405.5238095,16,3.166666667,171,N
282,NK,2012,M,TR,23,M,NK.M.23,M.23.M,25,9,9,2,0,0,0,2.666666667,172.7777778,N
283,NK,2012,M,TR,23,H,NK.M.23,M.23.H,25,3,3,1,1,41,2,2.666666667,176.3333333,N
284,NK,2012,M,OTC,24,M,NK.M.24,M.24.M,25,3,3,0,0,0,0,2,171,Y
285,NK,2012,M,OTC,24,H,NK.M.24,M.24.H,25,10,10,1,0,0,0,1.222222222,174.2,Y
286,NK,2012,M,TR,25,L,NK.M.25,M.25.L,25,5,5,2,1,300.1,12,1.8,171,N
287,NK,2012,M,TR,25,M,NK.M.25,M.25.M,25,4,4,0,0,0,0,1.75,175,N
288,NK,2012,M,TR,25,H,NK.M.25,M.25.H,25,3,3,1,1,49,2,3,176.3333333,N
289,NK,2012,M,OTC,26,M,NK.M.26,M.26.M,25,8,8,0,0,0,0,2.125,171,Y
290,NK,2012,M,OTC,26,H,NK.M.26,M.26.H,25,13,13,2,2,202,8,2.923076923,172.2307692,Y
291,NK,2012,M,TR,27,L,NK.M.27,M.27.L,25,13,13,6,6,610.9555556,24,2.230769231,173.4615385,N
292,NK,2012,M,TR,27,M,NK.M.27,M.27.M,25,12,12,6,4,202.875,8,1.833333333,171,N
293,NK,2012,M,TR,27,H,NK.M.27,M.27.H,25,7,7,1,1,0,0,5,187,N
294,NK,2012,M,OTC,28,M,NK.M.28,M.28.M,25,6,6,4,2,41,2,2,171,Y
295,NK,2012,M,OTC,28,H,NK.M.28,M.28.H,25,9,9,6,3,143.75,6,2.111111111,172.7777778,Y
296,NK,2012,M,TR,29,L,NK.M.29,M.29.L,25,18,18,5,4,17,1,1.833333333,171.8888889,N
297,NK,2012,M,TR,29,M,NK.M.29,M.29.M,25,13,13,2,2,46.25,2,1.538461538,171,N
298,NK,2012,M,TR,29,H,NK.M.29,M.29.H,25,11,11,6,5,65.1,3,1.363636364,171,N
299,NK,2012,M,OTC,30,M,NK.M.30,M.30.M,25,4,4,3,2,232,9,1.75,171,Y
300,NK,2012,M,OTC,30,H,NK.M.30,M.30.H,25,16,16,14,7,666.7333333,27,2.75,176.0625,Y
301,NK,2012,HE,TR,11,L,NK.HE.11,HE.11.L,25,12,12,7,1,60.4,2,1.583333333,186.6666667,N
302,NK,2012,HE,TR,11,M,NK.HE.11,HE.11.M,25,7,7,3,3,60,2,1.714285714,185.1428571,N
303,NK,2012,HE,TR,11,H,NK.HE.11,HE.11.H,25,9,9,5,5,137.2,5,1.777777778,187.8888889,N
304,NK,2012,HE,TR,11,E,NK.HE.11,HE.11.E,25,3,3,0,0,0,0,0.666666667,183,N
305,NK,2012,HE,TR,11,MT,NK.HE.11,HE.11.MT,25,11,11,2,2,144.3809524,6,1.545454545,187.0909091,N
306,NK,2012,HE,TR,11,F,NK.HE.11,HE.11.F,25,2,2,0,0,0,0,1,190.5,N
307,NK,2012,HE,OTC,12,M,NK.HE.12,HE.12.M,25,4,4,0,0,0,0,1.25,183,N
308,NK,2012,HE,OTC,12,H,NK.HE.12,HE.12.H,25,16,16,4,4,132,5,1.1875,183,N
309,NK,2012,HE,TR,13,L,NK.HE.13,HE.13.L,25,5,5,3,0,0,0,1,186,N
310,NK,2012,HE,TR,13,M,NK.HE.13,HE.13.M,25,8,8,2,1,16,1,0.75,184.875,N
311,NK,2012,HE,TR,13,H,NK.HE.13,HE.13.H,25,7,7,3,3,85.5,3,1.857142857,187.8571429,N
312,NK,2012,HE,TR,13,E,NK.HE.13,HE.13.E,25,6,6,5,5,135,5,1.5,188,N
313,NK,2012,HE,TR,13,MT,NK.HE.13,HE.13.MT,25,10,10,5,4,124.4,5,1.4,184.5,N
314,NK,2012,HE,TR,13,F,NK.HE.13,HE.13.F,25,12,12,5,4,164.75,7,1.416666667,185.5,N
315,NK,2012,HE,OTC,14,M,NK.HE.14,HE.14.M,25,6,6,3,0,0,0,0.666666667,183,N
316,NK,2012,HE,OTC,14,H,NK.HE.14,HE.14.H,25,4,4,1,0,0,0,0.75,183,N
317,NK,2012,HE,TR,15,L,NK.HE.15,HE.15.L,25,10,10,0,0,0,0,1.1,183,N
318,NK,2012,HE,TR,15,M,NK.HE.15,HE.15.M,25,10,10,1,1,71.4,3,2.3,183,N
319,NK,2012,HE,TR,15,H,NK.HE.15,HE.15.H,25,7,7,1,1,30,1,2.571428571,187.8571429,N
320,NK,2012,HE,TR,15,E,NK.HE.15,HE.15.E,25,5,5,0,0,0,0,1,183,N
321,NK,2012,HE,TR,15,MT,NK.HE.15,HE.15.MT,25,1,1,0,0,0,0,1,183,N
322,NK,2012,HE,TR,15,F,NK.HE.15,HE.15.F,25,9,9,1,0,0,0,2,183,N
323,NK,2012,HE,OTC,16,M,NK.HE.16,HE.16.M,25,1,1,0,0,0,0,2,183,N
324,NK,2012,HE,OTC,16,H,NK.HE.16,HE.16.H,25,4,4,0,0,0,0,2.25,183,N
325,NK,2012,HE,TR,17,L,NK.HE.17,HE.17.L,25,6,6,2,2,156,6,2.833333333,190.5,N
326,NK,2012,HE,TR,17,M,NK.HE.17,HE.17.M,25,12,12,5,5,291,12,1.166666667,183,N
327,NK,2012,HE,TR,17,H,NK.HE.17,HE.17.H,25,13,13,7,5,204.15,8,2.384615385,186.3846154,N
328,NK,2012,HE,TR,17,E,NK.HE.17,HE.17.E,25,5,5,2,2,113.75,5,1.8,183,N
329,NK,2012,HE,TR,17,MT,NK.HE.17,HE.17.MT,25,12,12,3,3,242,10,2.333333333,187.9166667,N
330,NK,2012,HE,TR,17,F,NK.HE.17,HE.17.F,25,12,12,6,4,63.5,3,1.666666667,184.25,N
331,NK,2012,HE,OTC,18,M,NK.HE.18,HE.18.M,25,9,9,5,2,72,3,1.111111111,183,N
332,NK,2012,HE,OTC,18,H,NK.HE.18,HE.18.H,25,9,9,4,3,125,5,2,184.6666667,N
333,NK,2012,HE,TR,19,L,NK.HE.19,HE.19.L,25,19,19,12,12,430.0666667,17,1.947368421,183,N
334,NK,2012,HE,TR,19,M,NK.HE.19,HE.19.M,25,2,2,2,1,91,4,2.5,183,N
335,NK,2012,HE,TR,19,H,NK.HE.19,HE.19.H,25,18,18,12,11,497.7833333,20,2.5,184.6666667,N
336,NK,2012,HE,TR,19,E,NK.HE.19,HE.19.E,25,2,2,0,0,0,0,2,183,N
337,NK,2012,HE,TR,19,MT,NK.HE.19,HE.19.MT,25,1,1,1,1,77.77777778,3,5,198,N
338,NK,2012,HE,TR,19,F,NK.HE.19,HE.19.F,25,18,18,11,9,360.7,14,3.166666667,183,N
339,NK,2012,HE,OTC,20,M,NK.HE.20,HE.20.M,25,11,11,8,7,452,18,2.181818182,183,N
340,NK,2012,HE,OTC,20,H,NK.HE.20,HE.20.H,25,3,3,2,2,60,2,2,183,N
341,NK,2012,HE,TR,21,L,NK.HE.21,HE.21.L,25,10,10,4,2,32,1,1.4,183,N
342,NK,2012,HE,TR,21,M,NK.HE.21,HE.21.M,25,4,4,3,2,12.25,0,1.75,183,N
343,NK,2012,HE,TR,21,H,NK.HE.21,HE.21.H,25,13,13,8,8,767,31,1.692307692,186.4615385,N
344,NK,2012,HE,TR,21,E,NK.HE.21,HE.21.E,25,0,0,NA,NA,0,0,NA,NA,N
345,NK,2012,HE,TR,21,MT,NK.HE.21,HE.21.MT,25,8,8,3,2,21.66666667,1,1.5,184.875,N
346,NK,2012,HE,TR,21,F,NK.HE.21,HE.21.F,25,4,4,1,1,97,4,2,183,N
347,NK,2012,HE,OTC,22,M,NK.HE.22,HE.22.M,25,6,6,4,2,17,1,1.666666667,185.5,N
348,NK,2012,HE,OTC,22,H,NK.HE.22,HE.22.H,25,8,8,5,5,309,12,1.5,183,N
349,NK,2012,HE,TR,23,L,NK.HE.23,HE.23.L,25,12,12,10,7,324.2,13,2.166666667,185.8333333,N
350,NK,2012,HE,TR,23,M,NK.HE.23,HE.23.M,25,11,11,3,0,0,0,1.727272727,186.0909091,N
351,NK,2012,HE,TR,23,H,NK.HE.23,HE.23.H,25,4,4,3,3,196.5714286,8,2.25,183,N
352,NK,2012,HE,TR,23,E,NK.HE.23,HE.23.E,25,0,0,NA,NA,0,0,NA,NA,N
353,NK,2012,HE,TR,23,MT,NK.HE.23,HE.23.MT,25,1,1,1,1,12,0,3,198,N
354,NK,2012,HE,TR,23,F,NK.HE.23,HE.23.F,25,5,5,2,2,78,3,2,183,N
355,NK,2012,HE,OTC,24,M,NK.HE.24,HE.24.M,25,9,9,3,0,0,0,2,183,N
356,NK,2012,HE,OTC,24,H,NK.HE.24,HE.24.H,25,4,4,1,1,21,1,1.75,183,N
357,NK,2012,HE,TR,25,L,NK.HE.25,HE.25.L,25,15,15,8,5,73,3,1.2,185.2666667,N
358,NK,2012,HE,TR,25,M,NK.HE.25,HE.25.M,25,15,15,6,5,106.6666667,4,1.066666667,183,N
359,NK,2012,HE,TR,25,H,NK.HE.25,HE.25.H,25,15,15,3,3,103.75,4,1.2,184,N
360,NK,2012,HE,TR,25,E,NK.HE.25,HE.25.E,25,6,6,0,0,0,0,0.666666667,183,N
361,NK,2012,HE,TR,25,MT,NK.HE.25,HE.25.MT,25,11,11,3,2,18,1,1,183,N
362,NK,2012,HE,TR,25,F,NK.HE.25,HE.25.F,25,6,6,4,3,47,2,3.166666667,200,N
363,NK,2012,HE,OTC,26,M,NK.HE.26,HE.26.M,25,15,15,3,3,62,2,1.466666667,183,N
364,NK,2012,HE,OTC,26,H,NK.HE.26,HE.26.H,25,14,14,2,1,28,1,1.285714286,183,N
365,NK,2012,HE,TR,27,L,NK.HE.27,HE.27.L,25,15,15,6,0,0,0,1.533333333,186.2666667,N
366,NK,2012,HE,TR,27,M,NK.HE.27,HE.27.M,25,10,10,2,2,44.16666667,2,0.8,183,N
367,NK,2012,HE,TR,27,H,NK.HE.27,HE.27.H,25,16,16,8,5,110,4,1.25,184.875,N
368,NK,2012,HE,TR,27,E,NK.HE.27,HE.27.E,25,6,6,4,3,217.0666667,9,1.5,185.5,N
369,NK,2012,HE,TR,27,MT,NK.HE.27,HE.27.MT,25,5,5,1,0,0,0,0.6,183,N
370,NK,2012,HE,TR,27,F,NK.HE.27,HE.27.F,25,12,12,4,3,140.5,6,2.25,189.1666667,N
371,NK,2012,HE,OTC,28,M,NK.HE.28,HE.28.M,25,1,1,0,0,0,0,1,183,N
372,NK,2012,HE,OTC,28,H,NK.HE.28,HE.28.H,25,7,7,2,0,0,0,1.857142857,187.2857143,N
373,NK,2012,HE,TR,29,L,NK.HE.29,HE.29.L,25,17,17,4,3,59.4,2,1.411764706,186.5294118,N
374,NK,2012,HE,TR,29,M,NK.HE.29,HE.29.M,25,5,5,4,3,130.8,5,3.8,202.6,N
375,NK,2012,HE,TR,29,H,NK.HE.29,HE.29.H,25,9,9,3,3,102.5,4,1.333333333,184.6666667,N
376,NK,2012,HE,TR,29,E,NK.HE.29,HE.29.E,25,2,2,2,1,80.5,3,2,188.5,N
377,NK,2012,HE,TR,29,MT,NK.HE.29,HE.29.MT,25,6,6,1,1,43,2,1,183,N
378,NK,2012,HE,TR,29,F,NK.HE.29,HE.29.F,25,10,10,2,2,66.25,3,1.2,183,N
379,NK,2012,HE,OTC,30,M,NK.HE.30,HE.30.M,25,13,13,6,6,178.6666667,7,1.461538462,183,N
380,NK,2012,HE,OTC,30,H,NK.HE.30,HE.30.H,25,17,17,11,10,414.0833333,17,2.058823529,184.2941176,N
381,NK,2012,A1,TR,11,L,NK.A1.11,A1.11.L,25,9,9,1,0,0,0,2.333333333,207.4444444,N
382,NK,2012,A1,TR,11,M,NK.A1.11,A1.11.M,25,12,12,3,0,0,0,2.333333333,207.5,N
383,NK,2012,A1,TR,11,H,NK.A1.11,A1.11.H,25,15,15,9,2,23,1,2.2,206.6,N
384,NK,2012,A1,TR,11,MT,NK.A1.11,A1.11.MT,25,7,7,3,0,0,0,2.714285714,209,N
385,NK,2012,A1,TR,11,F,NK.A1.11,A1.11.F,25,19,19,8,1,2,0,2.421052632,205.8421053,N
386,NK,2012,A1,TR,12,L,NK.A1.12,A1.12.L,25,3,3,0,0,0,0,2,203,N
387,NK,2012,A1,TR,12,M,NK.A1.12,A1.12.M,25,11,11,3,0,0,0,2,203.1818182,N
388,NK,2012,A1,TR,12,H,NK.A1.12,A1.12.H,25,13,13,5,0,0,0,1.923076923,205.0769231,N
389,NK,2012,A1,TR,12,MT,NK.A1.12,A1.12.MT,25,11,11,6,2,29.625,1,1.090909091,194.2727273,N
390,NK,2012,A1,TR,12,F,NK.A1.12,A1.12.F,25,11,11,2,0,0,0,2.818181818,210.2727273,N
391,NK,2012,A1,TR,13,L,NK.A1.13,A1.13.L,25,18,18,1,0,0,0,1.555555556,203.3888889,N
392,NK,2012,A1,TR,13,M,NK.A1.13,A1.13.M,25,7,7,5,1,3,0,2.428571429,205,N
393,NK,2012,A1,TR,13,H,NK.A1.13,A1.13.H,25,3,3,0,0,0,0,2,203,N
394,NK,2012,A1,TR,13,MT,NK.A1.13,A1.13.MT,25,4,4,0,0,0,0,2.75,209.5,N
395,NK,2012,A1,TR,13,F,NK.A1.13,A1.13.F,25,6,6,1,0,0,0,2,203,N
396,NK,2012,A1,TR,14,L,NK.A1.14,A1.14.L,25,10,10,1,0,0,0,1.4,194.6,N
397,NK,2012,A1,TR,14,M,NK.A1.14,A1.14.M,25,4,4,0,0,0,0,1.5,195.75,N
398,NK,2012,A1,TR,14,H,NK.A1.14,A1.14.H,25,6,6,1,0,0,0,2.666666667,208,N
399,NK,2012,A1,TR,14,MT,NK.A1.14,A1.14.MT,25,5,5,2,0,0,0,1.8,200.6,N
400,NK,2012,A1,TR,14,F,NK.A1.14,A1.14.F,25,2,2,1,1,1,0,4,224,N
401,NK,2012,A1,TR,15,L,NK.A1.15,A1.15.L,25,17,17,7,0,0,0,1.117647059,194.2352941,N
402,NK,2012,A1,TR,15,M,NK.A1.15,A1.15.M,25,2,2,0,0,0,0,1,197,N
403,NK,2012,A1,TR,15,H,NK.A1.15,A1.15.H,25,13,13,3,1,16,1,2,202.2307692,N
404,NK,2012,A1,TR,15,MT,NK.A1.15,A1.15.MT,25,19,19,10,5,204,8,1.421052632,196.1578947,N
405,NK,2012,A1,TR,15,F,NK.A1.15,A1.15.F,25,9,9,5,0,0,0,2.555555556,204,N
406,NK,2012,A1,TR,16,L,NK.A1.16,A1.16.L,25,2,2,0,0,0,0,1.5,206.5,N
407,NK,2012,A1,TR,16,M,NK.A1.16,A1.16.M,25,0,0,NA,NA,0,0,NA,NA,N
408,NK,2012,A1,TR,16,H,NK.A1.16,A1.16.H,25,2,2,1,0,0,0,1,197,N
409,NK,2012,A1,TR,16,MT,NK.A1.16,A1.16.MT,25,7,7,5,1,21,1,2.857142857,205,N
410,NK,2012,A1,TR,16,F,NK.A1.16,A1.16.F,25,7,7,3,1,22,1,1.142857143,194.4285714,N
411,NK,2012,A1,TR,17,L,NK.A1.17,A1.17.L,25,11,11,5,1,0,0,2.181818182,197.4545455,N
412,NK,2012,A1,TR,17,M,NK.A1.17,A1.17.M,25,2,2,2,1,6,0,1,191,N
413,NK,2012,A1,TR,17,H,NK.A1.17,A1.17.H,25,13,13,6,2,8,0,2.384615385,199.3846154,N
414,NK,2012,A1,TR,17,MT,NK.A1.17,A1.17.MT,25,0,0,NA,NA,0,0,NA,NA,N
415,NK,2012,A1,TR,17,F,NK.A1.17,A1.17.F,25,16,16,0,0,0,0,2.3125,193.25,N
416,NK,2012,A1,TR,18,L,NK.A1.18,A1.18.L,25,3,3,3,1,32,1,1.666666667,195,N
417,NK,2012,A1,TR,18,M,NK.A1.18,A1.18.M,25,0,0,NA,NA,0,0,NA,NA,N
418,NK,2012,A1,TR,18,H,NK.A1.18,A1.18.H,25,10,10,8,1,36,1,2,193.4,N
419,NK,2012,A1,TR,18,MT,NK.A1.18,A1.18.MT,25,5,5,2,0,0,0,1.6,199.6,N
420,NK,2012,A1,TR,18,F,NK.A1.18,A1.18.F,25,2,2,0,0,0,0,1.5,191,N
421,NK,2012,A1,TR,19,L,NK.A1.19,A1.19.L,25,11,11,4,0,0,0,2.272727273,206.6363636,N
422,NK,2012,A1,TR,19,M,NK.A1.19,A1.19.M,25,4,4,1,0,0,0,1,194,N
423,NK,2012,A1,TR,19,H,NK.A1.19,A1.19.H,25,10,10,6,3,78.33333333,3,2,199.3,N
424,NK,2012,A1,TR,19,MT,NK.A1.19,A1.19.MT,25,4,4,3,1,24,1,3.25,203,N
425,NK,2012,A1,TR,19,F,NK.A1.19,A1.19.F,25,1,1,1,0,0,0,10,238,N
426,NK,2012,A1,TR,20,L,NK.A1.20,A1.20.L,25,5,5,4,0,0,0,1.8,195.8,N
427,NK,2012,A1,TR,20,M,NK.A1.20,A1.20.M,25,4,4,3,0,0,0,1,191,N
428,NK,2012,A1,TR,20,H,NK.A1.20,A1.20.H,25,3,3,1,1,45,2,3,197.3333333,N
429,NK,2012,A1,TR,20,MT,NK.A1.20,A1.20.MT,25,0,0,NA,NA,0,0,NA,NA,N
430,NK,2012,A1,TR,20,F,NK.A1.20,A1.20.F,25,7,7,3,0,0,0,1.571428571,191,N
431,NK,2012,A2,TR,11,L,NK.A2.11,A2.11.L,25,15,15,0,0,0,0,1.466666667,188.9333333,N
432,NK,2012,A2,TR,11,M,NK.A2.11,A2.11.M,25,3,3,2,1,4,0,3.666666667,196.6666667,N
433,NK,2012,A2,TR,11,H,NK.A2.11,A2.11.H,25,1,1,0,0,0,0,2,184,N
434,NK,2012,A2,TR,11,MT,NK.A2.11,A2.11.MT,25,6,6,3,3,73.25,3,2.666666667,193,N
435,NK,2012,A2,TR,11,F,NK.A2.11,A2.11.F,25,14,14,3,0,0,0,1.785714286,185,N
436,NK,2012,A2,OTC,12,M,NK.A2.12,A2.12.M,25,3,3,1,1,43,2,1.666666667,188.6666667,N
437,NK,2012,A2,OTC,12,H,NK.A2.12,A2.12.H,25,11,11,5,2,64,3,1.272727273,187.6363636,N
438,NK,2012,A2,TR,13,L,NK.A2.13,A2.13.L,25,3,3,0,0,0,0,2,222.3333333,N
439,NK,2012,A2,TR,13,M,NK.A2.13,A2.13.M,25,1,1,0,0,0,0,1,210,N
440,NK,2012,A2,TR,13,H,NK.A2.13,A2.13.H,25,2,2,0,0,0,0,1,205,N
441,NK,2012,A2,TR,13,MT,NK.A2.13,A2.13.MT,25,14,14,4,0,0,0,1,203,N
442,NK,2012,A2,TR,13,F,NK.A2.13,A2.13.F,25,2,2,0,0,0,0,1,205,N
443,NK,2012,A2,OTC,14,M,NK.A2.14,A2.14.M,25,4,4,2,0,0,0,1.5,202.5,N
444,NK,2012,A2,OTC,14,H,NK.A2.14,A2.14.H,25,6,6,0,0,0,0,1.5,203.3333333,N
445,NK,2012,A2,TR,15,L,NK.A2.15,A2.15.L,25,0,0,NA,NA,0,0,NA,NA,N
446,NK,2012,A2,TR,15,M,NK.A2.15,A2.15.M,25,0,0,NA,NA,0,0,NA,NA,N
447,NK,2012,A2,TR,15,H,NK.A2.15,A2.15.H,25,2,2,0,0,0,0,3.5,224,N
448,NK,2012,A2,TR,15,MT,NK.A2.15,A2.15.MT,25,4,4,1,0,0,0,0.75,207.5,N
449,NK,2012,A2,TR,15,F,NK.A2.15,A2.15.F,25,2,2,0,0,0,0,2.5,210,N
450,NK,2012,A2,OTC,16,M,NK.A2.16,A2.16.M,25,7,7,1,0,0,0,1.857142857,202.8571429,N
451,NK,2012,A2,OTC,16,H,NK.A2.16,A2.16.H,25,16,16,3,0,0,0,0.6875,196.625,N
452,NK,2012,A2,TR,17,L,NK.A2.17,A2.17.L,25,12,12,0,0,0,0,0.916666667,200.8333333,N
453,NK,2012,A2,TR,17,M,NK.A2.17,A2.17.M,25,7,7,2,0,0,0,1.142857143,200.5714286,N
454,NK,2012,A2,TR,17,H,NK.A2.17,A2.17.H,25,5,5,1,0,0,0,1.4,203.4,N
455,NK,2012,A2,TR,17,MT,NK.A2.17,A2.17.MT,25,7,7,2,0,0,0,1.285714286,202.1428571,N
456,NK,2012,A2,TR,17,F,NK.A2.17,A2.17.F,25,9,9,1,0,0,0,1.111111111,201.4444444,N
457,NK,2012,A2,OTC,18,M,NK.A2.18,A2.18.M,25,7,7,2,0,0,0,1.571428571,203.7142857,N
458,NK,2012,A2,OTC,18,H,NK.A2.18,A2.18.H,25,10,10,4,0,0,0,2,207,N
459,NK,2012,A2,TR,19,L,NK.A2.19,A2.19.L,25,5,5,0,0,0,0,1.2,201.2,N
460,NK,2012,A2,TR,19,M,NK.A2.19,A2.19.M,25,2,2,0,0,0,0,1,210.5,N
461,NK,2012,A2,TR,19,H,NK.A2.19,A2.19.H,25,12,12,2,0,0,0,1.083333333,200.8333333,N
462,NK,2012,A2,TR,19,MT,NK.A2.19,A2.19.MT,25,3,3,0,0,0,0,1.333333333,214,N
463,NK,2012,A2,TR,19,F,NK.A2.19,A2.19.F,25,20,20,0,0,0,0,0.8,199.55,N
464,NK,2012,A2,OTC,20,M,NK.A2.20,A2.20.M,25,1,1,0,0,0,0,0,199,N
465,NK,2012,A2,OTC,20,H,NK.A2.20,A2.20.H,25,0,0,NA,NA,0,0,NA,NA,N
466,NK,2012,A2,TR,21,L,NK.A2.21,A2.21.L,25,2,2,0,0,0,0,1,199,N
467,NK,2012,A2,TR,21,M,NK.A2.21,A2.21.M,25,12,12,0,0,0,0,0.916666667,201.75,N
468,NK,2012,A2,TR,21,H,NK.A2.21,A2.21.H,25,1,1,0,0,0,0,1,199,N
469,NK,2012,A2,TR,21,MT,NK.A2.21,A2.21.MT,25,5,5,0,0,0,0,0.8,207.8,N
470,NK,2012,A2,TR,21,F,NK.A2.21,A2.21.F,25,0,0,NA,NA,0,0,NA,NA,N
471,NK,2012,A2,OTC,22,M,NK.A2.22,A2.22.M,25,4,4,1,1,2,0,2.75,213.25,N
472,NK,2012,A2,OTC,22,H,NK.A2.22,A2.22.H,25,11,11,2,2,11,0,2.181818182,208.9090909,N
473,NK,2012,A2,TR,23,L,NK.A2.23,A2.23.L,25,12,12,0,0,0,0,1.166666667,201.3333333,N
474,NK,2012,A2,TR,23,M,NK.A2.23,A2.23.M,25,1,1,0,0,0,0,0,199,N
475,NK,2012,A2,TR,23,H,NK.A2.23,A2.23.H,25,8,8,0,0,0,0,1.25,203.25,N
476,NK,2012,A2,TR,23,MT,NK.A2.23,A2.23.MT,25,3,3,0,0,0,0,2,203.6666667,N
477,NK,2012,A2,TR,23,F,NK.A2.23,A2.23.F,25,0,0,NA,NA,0,0,NA,NA,N
478,NK,2012,A2,OTC,24,M,NK.A2.24,A2.24.M,25,2,2,0,0,0,0,1,199,N
479,NK,2012,A2,OTC,24,H,NK.A2.24,A2.24.H,25,2,2,0,0,0,0,1.5,204.5,N
480,NK,2012,A2,TR,25,L,NK.A2.25,A2.25.L,25,10,10,0,0,0,0,1,210.3,N
481,NK,2012,A2,TR,25,M,NK.A2.25,A2.25.M,25,9,9,0,0,0,0,1.444444444,210,N
482,NK,2012,A2,TR,25,H,NK.A2.25,A2.25.H,25,6,6,0,0,0,0,0.833333333,200.8333333,N
483,NK,2012,A2,TR,25,MT,NK.A2.25,A2.25.MT,25,9,9,0,0,0,0,1.444444444,211.3333333,N
484,NK,2012,A2,TR,25,F,NK.A2.25,A2.25.F,25,1,1,0,0,0,0,2,210,N
485,NK,2012,A2,OTC,26,M,NK.A2.26,A2.26.M,25,8,8,0,0,0,0,1.5,205.25,N
486,NK,2012,A2,OTC,26,H,NK.A2.26,A2.26.H,25,11,11,2,0,0,0,1,200,N
487,NK,2012,A2,TR,27,L,NK.A2.27,A2.27.L,25,11,11,0,0,0,0,0.636363636,201,N
488,NK,2012,A2,TR,27,M,NK.A2.27,A2.27.M,25,1,1,0,0,0,0,1,191,N
489,NK,2012,A2,TR,27,H,NK.A2.27,A2.27.H,25,16,16,1,0,0,0,1.333333333,202.875,N
490,NK,2012,A2,TR,27,MT,NK.A2.27,A2.27.MT,25,5,5,0,0,0,0,0.6,194.2,N
491,NK,2012,A2,TR,27,F,NK.A2.27,A2.27.F,25,6,6,0,0,0,0,0.833333333,195.5,N
492,NK,2012,A2,OTC,28,M,NK.A2.28,A2.28.M,25,6,6,2,0,0,0,1.666666667,201.3333333,N
493,NK,2012,A2,OTC,28,H,NK.A2.28,A2.28.H,25,8,8,3,0,0,0,1,193,N
494,NK,2012,A2,TR,29,L,NK.A2.29,A2.29.L,25,7,7,0,0,0,0,2.285714286,210.8571429,N
495,NK,2012,A2,TR,29,M,NK.A2.29,A2.29.M,25,2,2,0,0,0,0,3,218.5,N
496,NK,2012,A2,TR,29,H,NK.A2.29,A2.29.H,25,6,6,0,0,0,0,0.5,195,N
497,NK,2012,A2,TR,29,MT,NK.A2.29,A2.29.MT,25,0,0,NA,NA,0,0,NA,NA,N
498,NK,2012,A2,TR,29,F,NK.A2.29,A2.29.F,25,4,4,0,0,0,0,0.5,195,N
499,NK,2012,A2,OTC,30,M,NK.A2.30,A2.30.M,25,3,3,0,0,0,0,1.333333333,197.3333333,N
500,NK,2012,A2,OTC,30,H,NK.A2.30,A2.30.H,25,6,6,3,1,0,0,1.166666667,201.5,N
501,NK,2013,L,TR,21,L,NK.L.21,L.21.L,25,13,13,6,4,270.8214286,11,2.461538462,155.1538462,N
502,NK,2013,L,TR,21,M,NK.L.21,L.21.M,25,1,1,0,0,0,0,2,154,N
503,NK,2013,L,TR,21,H,NK.L.21,L.21.H,25,11,11,5,2,14,1,2.818181818,154,N
504,NK,2013,L,TR,22,L,NK.L.22,L.22.L,25,13,13,2,1,2,0,1.461538462,155.5384615,N
505,NK,2013,L,TR,22,M,NK.L.22,L.22.M,25,16,16,6,2,43.16666667,2,1.625,154.625,N
506,NK,2013,L,TR,22,H,NK.L.22,L.22.H,25,13,13,6,6,147.25,6,1.153846154,154,N
507,NK,2013,L,TR,23,L,NK.L.23,L.23.L,25,6,6,3,2,55.5,2,2.5,155.6666667,N
508,NK,2013,L,TR,23,M,NK.L.23,L.23.M,25,7,7,2,2,116,5,2.428571429,155.4285714,N
509,NK,2013,L,TR,23,H,NK.L.23,L.23.H,25,0,0,NA,NA,0,0,NA,NA,N
510,NK,2013,L,TR,24,L,NK.L.24,L.24.L,25,5,5,2,2,86.66666667,3,1.8,158.8,N
511,NK,2013,L,TR,24,M,NK.L.24,L.24.M,25,5,5,2,1,39,2,2.2,156,N
512,NK,2013,L,TR,24,H,NK.L.24,L.24.H,25,2,2,2,2,377.4285714,15,2,154,N
513,NK,2013,L,TR,25,L,NK.L.25,L.25.L,25,7,7,6,6,169,7,2.428571429,158.2857143,N
514,NK,2013,L,TR,25,M,NK.L.25,L.25.M,25,0,0,NA,NA,0,0,NA,NA,N
515,NK,2013,L,TR,25,H,NK.L.25,L.25.H,25,3,3,1,1,22,1,2.333333333,164,N
516,NK,2013,M,TR,31,L,NK.M.31,M.31.L,25,19,19,0,0,0,0,0.947368421,163,N
517,NK,2013,M,TR,31,M,NK.M.31,M.31.M,25,13,13,2,1,48,2,1.153846154,164.3846154,N
518,NK,2013,M,TR,31,H,NK.M.31,M.31.H,25,17,17,0,0,0,0,1.117647059,164.9411765,N
519,NK,2013,M,TR,32,L,NK.M.32,M.32.L,25,17,17,0,0,0,0,1.058823529,163.3529412,N
520,NK,2013,M,TR,32,M,NK.M.32,M.32.M,25,16,16,2,0,0,0,0.9375,163,N
521,NK,2013,M,TR,32,H,NK.M.32,M.32.H,25,14,14,7,1,27,1,1.428571429,165.9285714,N
522,NK,2013,M,TR,33,L,NK.M.33,M.33.L,25,14,14,0,0,0,0,1.142857143,164.2857143,N
523,NK,2013,M,TR,33,M,NK.M.33,M.33.M,25,15,15,10,0,0,0,1.466666667,165.7333333,N
524,NK,2013,M,TR,33,H,NK.M.33,M.33.H,25,6,6,6,2,121,5,1.833333333,169.8333333,N
525,NK,2013,M,TR,34,L,NK.M.34,M.34.L,25,12,12,1,0,0,0,1.416666667,165.5,N
526,NK,2013,M,TR,34,M,NK.M.34,M.34.M,25,14,14,0,0,0,0,1.071428571,163.8571429,N
527,NK,2013,M,TR,34,H,NK.M.34,M.34.H,25,12,12,1,0,0,0,1.166666667,165.25,N
528,NK,2013,M,TR,35,L,NK.M.35,M.35.L,25,13,13,4,1,73.66666667,3,1.769230769,166.6153846,N
529,NK,2013,M,TR,35,M,NK.M.35,M.35.M,25,12,12,6,0,0,0,1.416666667,164,N
530,NK,2013,M,TR,35,H,NK.M.35,M.35.H,25,9,9,4,1,16,1,1.444444444,164.6666667,N
531,NK,2013,HE,TR,31,L,NK.HE.31,HE.31.L,25,17,17,8,7,367.8333333,15,0.823529412,168,N
532,NK,2013,HE,TR,31,M,NK.HE.31,HE.31.M,25,14,14,5,3,77,3,1.214285714,170.8571429,N
533,NK,2013,HE,TR,31,H,NK.HE.31,HE.31.H,25,10,10,3,2,186,7,0.9,168,N
534,NK,2013,HE,TR,31,E,NK.HE.31,HE.31.E,25,15,15,8,4,93.8,4,0.933333333,168,N
535,NK,2013,HE,TR,31,MT,NK.HE.31,HE.31.MT,25,9,9,5,3,299,12,1,170.4444444,N
536,NK,2013,HE,TR,31,F,NK.HE.31,HE.31.F,25,14,14,3,2,19,1,1,168.7857143,N
537,NK,2013,HE,OTC,32,M,NK.HE.32,HE.32.M,25,8,8,5,5,314.5,13,1.875,176.5,N
538,NK,2013,HE,OTC,32,H,NK.HE.32,HE.32.H,25,8,8,8,8,511.6666667,20,0.875,168,N
539,NK,2013,HE,OTC,32,MT,NK.HE.32,HE.32.MT,25,9,9,6,6,612.5333333,25,2.111111111,176.1111111,N
540,NK,2013,HE,TR,33,L,NK.HE.33,HE.33.L,25,11,11,8,1,52.5,2,1.727272727,173.9090909,N
541,NK,2013,HE,TR,33,M,NK.HE.33,HE.33.M,25,6,6,0,0,0,0,1.5,168,N
542,NK,2013,HE,TR,33,H,NK.HE.33,HE.33.H,25,9,9,3,2,54,2,1.444444444,168,N
543,NK,2013,HE,TR,33,E,NK.HE.33,HE.33.E,25,10,10,6,4,147,6,2.9,174.9,N
544,NK,2013,HE,TR,33,MT,NK.HE.33,HE.33.MT,25,9,9,8,5,319.1904762,13,1.888888889,172,N
545,NK,2013,HE,TR,33,F,NK.HE.33,HE.33.F,25,14,14,7,0,0,0,1.928571429,168.7857143,N
546,NK,2013,HE,OTC,34,M,NK.HE.34,HE.34.M,25,7,7,3,3,130.3333333,5,2.285714286,177.8571429,N
547,NK,2013,HE,OTC,34,H,NK.HE.34,HE.34.H,25,6,6,5,4,63,3,1.166666667,168,N
548,NK,2013,HE,OTC,34,MT,NK.HE.34,HE.34.MT,25,9,9,6,6,342.8166667,14,1.555555556,170,N
549,NK,2013,HE,TR,35,L,NK.HE.35,HE.35.L,25,8,8,5,2,43.66666667,2,1.125,169.375,N
550,NK,2013,HE,TR,35,M,NK.HE.35,HE.35.M,25,3,3,2,1,161.8333333,6,1.333333333,171.6666667,N
551,NK,2013,HE,TR,35,H,NK.HE.35,HE.35.H,25,7,7,6,6,242,10,2.142857143,170.5714286,N
552,NK,2013,HE,TR,35,E,NK.HE.35,HE.35.E,25,5,5,2,1,21,1,1.4,170.2,N
553,NK,2013,HE,TR,35,MT,NK.HE.35,HE.35.MT,25,14,14,8,6,635.3333333,25,2,170.8571429,N
554,NK,2013,HE,TR,35,F,NK.HE.35,HE.35.F,25,6,6,1,1,63.6,3,1.333333333,169.8333333,N
555,NK,2013,HE,OTC,36,M,NK.HE.36,HE.36.M,25,1,1,0,0,0,0,2,168,N
556,NK,2013,HE,OTC,36,H,NK.HE.36,HE.36.H,25,3,3,2,1,20,1,2.333333333,175.3333333,N
557,NK,2013,HE,OTC,36,MT,NK.HE.36,HE.36.MT,25,3,3,2,2,105.5,4,2,168,N
558,NK,2013,HE,TR,37,L,NK.HE.37,HE.37.L,25,6,6,6,2,48.5,2,0.833333333,169.8333333,N
559,NK,2013,HE,TR,37,M,NK.HE.37,HE.37.M,25,6,6,5,5,253.3333333,10,1.166666667,169.8333333,N
560,NK,2013,HE,TR,37,H,NK.HE.37,HE.37.H,25,2,2,2,2,168,7,1,168,N
561,NK,2013,HE,TR,37,E,NK.HE.37,HE.37.E,25,5,5,4,4,348.8,14,1.2,170.2,N
562,NK,2013,HE,TR,37,MT,NK.HE.37,HE.37.MT,25,10,10,3,3,409.9,16,1.6,171.3,N
563,NK,2013,HE,TR,37,F,NK.HE.37,HE.37.F,25,2,2,2,1,63.33333333,3,0.5,168,N
564,NK,2013,HE,OTC,38,M,NK.HE.38,HE.38.M,25,4,4,3,3,131.5,5,1,168,N
565,NK,2013,HE,OTC,38,H,NK.HE.38,HE.38.H,25,5,5,2,1,71,3,2.8,175,N
566,NK,2013,HE,OTC,38,MT,NK.HE.38,HE.38.MT,25,5,5,4,3,225,9,2.8,174.6,N
567,NK,2013,HE,TR,39,L,NK.HE.39,HE.39.L,25,9,9,3,1,82.5,3,1.444444444,169.2222222,N
568,NK,2013,HE,TR,39,M,NK.HE.39,HE.39.M,25,4,4,3,3,524.8333333,21,1.75,170.75,N
569,NK,2013,HE,TR,39,H,NK.HE.39,HE.39.H,25,0,0,NA,NA,0,0,NA,NA,N
570,NK,2013,HE,TR,39,E,NK.HE.39,HE.39.E,25,10,10,8,6,466.9,19,1.6,169.1,N
571,NK,2013,HE,TR,39,MT,NK.HE.39,HE.39.MT,25,6,6,5,5,337.6666667,14,0.833333333,168,N
572,NK,2013,HE,TR,39,F,NK.HE.39,HE.39.F,25,7,7,2,2,183.5,7,2,170.5714286,N
573,NK,2013,HE,OTC,40,M,NK.HE.40,HE.40.M,25,6,6,1,0,0,0,1.166666667,169.8333333,N
574,NK,2013,HE,OTC,40,H,NK.HE.40,HE.40.H,25,4,4,2,1,35,1,1.75,173.5,N
575,NK,2013,HE,OTC,40,MT,NK.HE.40,HE.40.MT,25,14,14,3,1,16,1,1.428571429,171.1428571,N
576,NK,2013,HE,TR,41,L,NK.HE.41,HE.41.L,25,12,12,6,3,53.66666667,2,1.583333333,168.9166667,N
577,NK,2013,HE,TR,41,M,NK.HE.41,HE.41.M,25,5,5,1,1,196.6666667,8,1,168,N
578,NK,2013,HE,TR,41,H,NK.HE.41,HE.41.H,25,7,7,6,2,107.3333333,4,1.428571429,172.1428571,N
579,NK,2013,HE,TR,41,E,NK.HE.41,HE.41.E,25,7,7,3,0,0,0,1.857142857,173,N
580,NK,2013,HE,TR,41,MT,NK.HE.41,HE.41.MT,25,7,7,1,1,139.5,6,1.714285714,175.8571429,N
581,NK,2013,HE,TR,41,F,NK.HE.41,HE.41.F,25,11,11,4,1,74.66666667,3,1.363636364,170.6363636,N
582,NK,2013,HE,OTC,42,M,NK.HE.42,HE.42.M,25,3,3,1,1,19,1,1,168,N
583,NK,2013,HE,OTC,42,H,NK.HE.42,HE.42.H,25,8,8,2,1,86,3,0.75,169.375,N
584,NK,2013,HE,OTC,42,MT,NK.HE.42,HE.42.MT,25,15,15,2,1,8,0,1,169.4666667,N
585,NK,2013,HE,TR,43,L,NK.HE.43,HE.43.L,25,14,14,7,1,30,1,1.428571429,171.6428571,N
586,NK,2013,HE,TR,43,M,NK.HE.43,HE.43.M,25,9,9,4,2,147.6666667,6,1.333333333,173.2222222,N
587,NK,2013,HE,TR,43,H,NK.HE.43,HE.43.H,25,9,9,0,0,0,0,1,168,N
588,NK,2013,HE,TR,43,E,NK.HE.43,HE.43.E,25,8,8,4,0,0,0,1.25,170.25,N
589,NK,2013,HE,TR,43,MT,NK.HE.43,HE.43.MT,25,11,11,5,4,188.1666667,8,1.181818182,170,N
590,NK,2013,HE,TR,43,F,NK.HE.43,HE.43.F,25,9,9,4,4,164.75,7,1.333333333,170.4444444,N
591,NK,2013,HE,OTC,44,M,NK.HE.44,HE.44.M,25,6,6,1,0,0,0,1.166666667,169.8333333,N
592,NK,2013,HE,OTC,44,H,NK.HE.44,HE.44.H,25,9,9,5,2,171.1666667,7,1.444444444,171.2222222,N
593,NK,2013,HE,OTC,44,MT,NK.HE.44,HE.44.MT,25,14,14,7,3,65,3,1.230769231,174.1428571,N
594,NK,2013,HE,TR,45,L,NK.HE.45,HE.45.L,25,13,13,5,4,134.5,5,1.230769231,170.5384615,N
595,NK,2013,HE,TR,45,M,NK.HE.45,HE.45.M,25,11,11,7,1,37.5,2,0.909090909,168,N
596,NK,2013,HE,TR,45,H,NK.HE.45,HE.45.H,25,8,8,1,1,122,5,0.875,168,N
597,NK,2013,HE,TR,45,E,NK.HE.45,HE.45.E,25,13,13,12,10,508.1,20,1.153846154,169.6923077,N
598,NK,2013,HE,TR,45,MT,NK.HE.45,HE.45.MT,25,6,6,0,0,0,0,1.833333333,173.5,N
599,NK,2013,HE,TR,45,F,NK.HE.45,HE.45.F,25,8,8,2,0,0,0,1.375,172.125,N
600,NK,2013,HE,OTC,46,M,NK.HE.46,HE.46.M,25,9,9,5,4,69,3,1.222222222,170.4444444,N
601,NK,2013,HE,OTC,46,H,NK.HE.46,HE.46.H,25,5,5,2,1,24,1,0.8,168,N
602,NK,2013,HE,OTC,46,MT,NK.HE.46,HE.46.MT,25,11,11,3,1,14,1,1.181818182,169,N
603,NK,2013,HE,TR,47,L,NK.HE.47,HE.47.L,25,17,17,5,4,88,4,1.352941176,170.5882353,N
604,NK,2013,HE,TR,47,M,NK.HE.47,HE.47.M,25,13,13,9,7,500,20,1.538461538,169.6923077,N
605,NK,2013,HE,TR,47,H,NK.HE.47,HE.47.H,25,18,18,4,4,183.85,7,1.166666667,168.6111111,N
606,NK,2013,HE,TR,47,E,NK.HE.47,HE.47.E,25,11,11,8,8,597.1166667,24,1,168,N
607,NK,2013,HE,TR,47,MT,NK.HE.47,HE.47.MT,25,17,17,13,12,701.4166667,28,1.647058824,170.0588235,N
608,NK,2013,HE,TR,47,F,NK.HE.47,HE.47.F,25,11,11,4,3,148.1,6,1.909090909,168,N
609,NK,2013,HE,OTC,48,M,NK.HE.48,HE.48.M,25,12,12,10,7,128,5,1.333333333,171.3333333,N
610,NK,2013,HE,OTC,48,H,NK.HE.48,HE.48.H,25,10,10,5,3,83,3,0.9,168,N
611,NK,2013,HE,OTC,48,MT,NK.HE.48,HE.48.MT,25,15,15,5,1,6,0,1.6,176.6666667,N
612,NK,2013,HE,TR,49,L,NK.HE.49,HE.49.L,25,12,12,1,0,0,0,0.75,168.9166667,N
613,NK,2013,HE,TR,49,M,NK.HE.49,HE.49.M,25,12,12,3,3,121,5,1.25,170.75,N
614,NK,2013,HE,TR,49,H,NK.HE.49,HE.49.H,25,10,10,1,1,7,0,0.9,170.2,N
615,NK,2013,HE,TR,49,E,NK.HE.49,HE.49.E,25,11,11,5,2,102.5,4,0.636363636,168,N
616,NK,2013,HE,TR,49,MT,NK.HE.49,HE.49.MT,25,17,17,10,7,311.6333333,12,0.941176471,168.6470588,N
617,NK,2013,HE,TR,49,F,NK.HE.49,HE.49.F,25,16,16,5,4,124.6666667,5,1,170.0625,N
618,NK,2013,HE,OTC,50,M,NK.HE.50,HE.50.M,25,12,12,8,5,154,6,1,169.5,N
619,NK,2013,HE,OTC,50,H,NK.HE.50,HE.50.H,25,5,5,2,2,94,4,1.6,171.6,N
620,NK,2013,HE,OTC,50,MT,NK.HE.50,HE.50.MT,25,16,16,6,4,154.5,6,0.875,168,N
621,NK,2013,A2,TR,31,L,NK.A2.31,A2.31.L,25,0,0,NA,NA,0,0,NA,NA,N
622,NK,2013,A2,TR,31,M,NK.A2.31,A2.31.M,25,2,2,0,0,0,0,2,183,N
623,NK,2013,A2,TR,31,H,NK.A2.31,A2.31.H,25,1,1,0,0,0,0,4,197,N
624,NK,2013,A2,TR,31,E,NK.A2.31,A2.31.E,25,0,0,NA,NA,0,0,NA,NA,N
625,NK,2013,A2,TR,31,MT,NK.A2.31,A2.31.MT,25,0,0,NA,NA,0,0,NA,NA,N
626,NK,2013,A2,TR,31,F,NK.A2.31,A2.31.F,25,1,1,0,0,0,0,3,197,N
627,NK,2013,A2,OTC,32,M,NK.A2.32,A2.32.M,25,0,0,NA,NA,0,0,NA,NA,N
628,NK,2013,A2,OTC,32,H,NK.A2.32,A2.32.H,25,0,0,NA,NA,0,0,NA,NA,N
629,NK,2013,A2,OTC,32,MT,NK.A2.32,A2.32.MT,25,0,0,NA,NA,0,0,NA,NA,N
630,NK,2013,A2,TR,33,L,NK.A2.33,A2.33.L,25,0,0,NA,NA,0,0,NA,NA,N
631,NK,2013,A2,TR,33,M,NK.A2.33,A2.33.M,25,0,0,NA,NA,0,0,NA,NA,N
632,NK,2013,A2,TR,33,H,NK.A2.33,A2.33.H,25,0,0,NA,NA,0,0,NA,NA,N
633,NK,2013,A2,TR,33,E,NK.A2.33,A2.33.E,25,2,2,0,0,0,0,2,183,N
634,NK,2013,A2,TR,33,A,NK.A2.33,A2.33.A,25,0,0,NA,NA,0,0,NA,NA,N
635,NK,2013,A2,TR,33,MT,NK.A2.33,A2.33.MT,25,1,1,0,0,0,0,2,183,N
636,NK,2013,A2,TR,33,F,NK.A2.33,A2.33.F,25,7,7,1,0,0,0,1.571428571,183,N
637,NK,2013,A2,OTC,34,M,NK.A2.34,A2.34.M,25,0,0,NA,NA,0,0,NA,NA,N
638,NK,2013,A2,OTC,34,H,NK.A2.34,A2.34.H,25,0,0,NA,NA,0,0,NA,NA,N
639,NK,2013,A2,OTC,34,MT,NK.A2.34,A2.34.MT,25,1,1,1,0,0,0,2,183,N
640,NK,2013,A2,TR,35,L,NK.A2.35,A2.35.L,25,4,4,1,0,0,0,4,202.5,N
641,NK,2013,A2,TR,35,M,NK.A2.35,A2.35.M,25,0,0,NA,NA,0,0,NA,NA,N
642,NK,2013,A2,TR,35,H,NK.A2.35,A2.35.H,25,1,1,1,1,21,1,2,183,N
643,NK,2013,A2,TR,35,E,NK.A2.35,A2.35.E,25,3,3,0,0,0,0,4.333333333,204.3333333,N
644,NK,2013,A2,TR,35,A,NK.A2.35,A2.35.A,25,0,0,NA,NA,0,0,NA,NA,N
645,NK,2013,A2,TR,35,MT,NK.A2.35,A2.35.MT,25,0,0,NA,NA,0,0,NA,NA,N
646,NK,2013,A2,TR,35,F,NK.A2.35,A2.35.F,25,6,6,2,1,13,1,2.666666667,186.5,N
647,NK,2013,A2,OTC,36,M,NK.A2.36,A2.36.M,25,0,0,NA,NA,0,0,NA,NA,N
648,NK,2013,A2,OTC,36,H,NK.A2.36,A2.36.H,25,0,0,NA,NA,0,0,NA,NA,N
649,NK,2013,A2,OTC,36,MT,NK.A2.36,A2.36.MT,25,1,1,0,0,0,0,4,204,N
650,NK,2013,A2,TR,37,L,NK.A2.37,A2.37.L,25,0,0,NA,NA,0,0,NA,NA,N
651,NK,2013,A2,TR,37,M,NK.A2.37,A2.37.M,25,0,0,NA,NA,0,0,NA,NA,N
652,NK,2013,A2,TR,37,H,NK.A2.37,A2.37.H,25,0,0,NA,NA,0,0,NA,NA,N
653,NK,2013,A2,TR,37,E,NK.A2.37,A2.37.E,25,1,1,1,1,36,1,3,197,N
654,NK,2013,A2,TR,37,A,NK.A2.37,A2.37.A,25,3,3,2,0,0,0,2,187.6666667,N
655,NK,2013,A2,TR,37,MT,NK.A2.37,A2.37.MT,25,1,1,1,1,105.1428571,4,3,183,N
656,NK,2013,A2,TR,37,F,NK.A2.37,A2.37.F,25,0,0,NA,NA,0,0,NA,NA,N
657,NK,2013,A2,OTC,38,M,NK.A2.38,A2.38.M,25,0,0,NA,NA,0,0,NA,NA,N
658,NK,2013,A2,OTC,38,H,NK.A2.38,A2.38.H,25,0,0,NA,NA,0,0,NA,NA,N
659,NK,2013,A2,OTC,38,MT,NK.A2.38,A2.38.MT,25,3,3,0,0,0,0,5,206.3333333,N
660,NK,2013,A2,TR,39,L,NK.A2.39,A2.39.L,25,4,4,2,0,0,0,0.75,188.25,N
661,NK,2013,A2,TR,39,M,NK.A2.39,A2.39.M,25,8,8,5,1,6,0,2.375,198,N
662,NK,2013,A2,TR,39,H,NK.A2.39,A2.39.H,25,6,6,3,1,7,0,1,183,N
663,NK,2013,A2,TR,39,E,NK.A2.39,A2.39.E,25,9,9,5,0,0,0,1.666666667,195.4444444,N
664,NK,2013,A2,TR,39,MT,NK.A2.39,A2.39.MT,25,4,4,3,1,13.14285714,1,1.75,193.5,N
665,NK,2013,A2,TR,39,F,NK.A2.39,A2.39.F,25,2,2,0,0,0,0,0.5,183,N
666,NK,2013,A2,OTC,40,M,NK.A2.40,A2.40.M,25,0,0,NA,NA,0,0,NA,NA,N
667,NK,2013,A2,OTC,40,H,NK.A2.40,A2.40.H,25,0,0,NA,NA,0,0,NA,NA,N
668,NK,2013,A2,OTC,40,MT,NK.A2.40,A2.40.MT,25,1,1,1,1,0,0,4,204,N
669,NK,2013,A2,TR,41,L,NK.A2.41,A2.41.L,25,0,0,NA,NA,0,0,NA,NA,N
670,NK,2013,A2,TR,41,M,NK.A2.41,A2.41.M,25,4,4,1,0,0,0,2,197,N
671,NK,2013,A2,TR,41,H,NK.A2.41,A2.41.H,25,4,4,1,0,0,0,1.25,191.75,N
672,NK,2013,A2,TR,41,A,NK.A2.41,A2.41.A,25,8,8,3,0,0,0,1.125,193.5,N
673,NK,2013,A2,TR,41,MT,NK.A2.41,A2.41.MT,25,3,3,1,0,0,0,1.666666667,194.6666667,N
674,NK,2013,A2,TR,41,F,NK.A2.41,A2.41.F,25,7,7,3,0,0,0,1.285714286,196.1428571,N
675,NK,2013,A2,OTC,42,M,NK.A2.42,A2.42.M,25,7,7,5,0,0,0,2.571428571,204.1428571,N
676,NK,2013,A2,OTC,42,H,NK.A2.42,A2.42.H,25,6,6,4,0,0,0,2.833333333,202.8333333,N
677,NK,2013,A2,OTC,42,MT,NK.A2.42,A2.42.MT,25,17,17,11,2,28,1,1.235294118,191.6470588,N
678,NK,2013,A2,TR,43,L,NK.A2.43,A2.43.L,25,6,6,0,0,0,0,0.166666667,183,N
679,NK,2013,A2,TR,43,M,NK.A2.43,A2.43.M,25,8,8,1,0,0,0,1.75,192.625,N
680,NK,2013,A2,TR,43,H,NK.A2.43,A2.43.H,25,7,7,2,0,0,0,1.571428571,196,N
681,NK,2013,A2,TR,43,A,NK.A2.43,A2.43.A,25,7,7,0,0,0,0,1.571428571,196.8571429,N
682,NK,2013,A2,TR,43,MT,NK.A2.43,A2.43.MT,25,13,13,9,0,0,0,1.769230769,191.6153846,N
683,NK,2013,A2,TR,43,F,NK.A2.43,A2.43.F,25,11,11,5,0,0,0,1.454545455,189.3636364,N
684,NK,2013,A2,OTC,44,M,NK.A2.44,A2.44.M,25,8,8,5,0,0,0,1,189.125,N
685,NK,2013,A2,OTC,44,H,NK.A2.44,A2.44.H,25,3,3,1,0,0,0,2.333333333,197,N
686,NK,2013,A2,OTC,44,MT,NK.A2.44,A2.44.MT,25,7,7,3,0,0,0,0.285714286,183,N
687,NK,2013,A2,TR,45,L,NK.A2.45,A2.45.L,25,8,8,2,0,0,0,0.875,189.75,N
688,NK,2013,A2,TR,45,M,NK.A2.45,A2.45.M,25,5,5,2,0,0,0,2.4,197,N
689,NK,2013,A2,TR,45,H,NK.A2.45,A2.45.H,25,2,2,0,0,0,0,1,183,N
690,NK,2013,A2,TR,45,MT,NK.A2.45,A2.45.MT,25,16,16,4,0,0,0,1.0625,187.375,N
691,NK,2013,A2,TR,45,F,NK.A2.45,A2.45.F,25,9,9,1,0,0,0,1.333333333,190.7777778,N
692,NK,2013,A2,OTC,46,M,NK.A2.46,A2.46.M,25,9,9,4,0,0,0,0.666666667,184.5555556,N
693,NK,2013,A2,OTC,46,H,NK.A2.46,A2.46.H,25,8,8,2,1,2,0,1,183,N
694,NK,2013,A2,OTC,46,MT,NK.A2.46,A2.46.MT,25,15,15,3,2,27,1,1.6,190.4666667,N
695,NK,2013,A2,TR,47,L,NK.A2.47,A2.47.L,25,13,13,4,0,0,0,0.846153846,183,N
696,NK,2013,A2,TR,47,M,NK.A2.47,A2.47.M,25,3,3,2,1,8.000000001,0,1,183,N
697,NK,2013,A2,TR,47,H,NK.A2.47,A2.47.H,25,3,3,0,0,0,0,1.333333333,192.3333333,N
698,NK,2013,A2,TR,47,MT,NK.A2.47,A2.47.MT,25,12,12,1,0,0,0,1.5,192.4166667,N
699,NK,2013,A2,TR,47,F,NK.A2.47,A2.47.F,25,8,8,5,0,0,0,1.625,194.375,N
700,NK,2013,A2,OTC,48,M,NK.A2.48,A2.48.M,25,6,6,4,2,25,1,1.5,187.6666667,N
701,NK,2013,A2,OTC,48,H,NK.A2.48,A2.48.H,25,2,2,0,0,0,0,2.5,197,N
702,NK,2013,A2,OTC,48,MT,NK.A2.48,A2.48.MT,25,12,12,8,4,67.5,3,2.166666667,196.4166667,N
703,NK,2013,A2,TR,49,L,NK.A2.49,A2.49.L,25,0,0,NA,NA,0,0,NA,NA,N
704,NK,2013,A2,TR,49,M,NK.A2.49,A2.49.M,25,2,2,0,0,0,0,2,193.5,N
705,NK,2013,A2,TR,49,H,NK.A2.49,A2.49.H,25,1,1,0,0,0,0,1,183,N
706,NK,2013,A2,TR,49,MT,NK.A2.49,A2.49.MT,25,1,1,0,0,0,0,4,211,N
707,NK,2013,A2,TR,49,F,NK.A2.49,A2.49.F,25,7,7,2,0,0,0,1.714285714,196,N
708,NK,2013,A2,OTC,50,M,NK.A2.50,A2.50.M,25,0,0,NA,NA,0,0,NA,NA,N
709,NK,2013,A2,OTC,50,H,NK.A2.50,A2.50.H,25,3,3,0,0,0,0,1,183,N
710,NK,2013,A2,OTC,50,MT,NK.A2.50,A2.50.MT,25,6,6,0,0,0,0,0.833333333,185.3333333,N